brand,model,category,date,W34,W35,W36,W37,W38,W39,W40
华为,Pura 90系列,旗舰SO,2026/5/9,128.82,134.06,139.52,143.76,,153.53,
华为,Mate 80系列,旗舰SO,2025/11/28,881.88,897.93,911.1,921.23,930.6,942.08,
华为,Pura X View,旗舰SO,2026/9/9,,,,,37.57,44.98,
华为,Pura X Max,折叠SO,2026/4/25,38.39,40.1,41.65,43.9,46.81,,
华为,Pura X Max典藏版,折叠SO,2026/4/25,39.72,40.94,42.05,43.63,45.58,,
华为,nova 16系列,中端SO,2026/6/5,187.47,204.12,220.29,233.58,245.9,,
华为,Mate 90系列,旗舰SO,2026/10/1,,,,,,,27
小米,小米 17系列,旗舰SO,2026/3/6,608.37,613.93,618.5,622.31,625.21,,
小米,小米 17 Ultra,旗舰SO,2026/3/6,24.5,24.69,24.87,25.07,25.23,25.43,
小米,小米 18 Fold,折叠SO,2026/9/10,,,3.97,,8.86,,
小米,小米17T系列,中端SO,2026/6/8,46.03,48.33,49.91,51.02,51.79,,
小米,小米 18Pro系列,旗舰SO,2026/9/23,,,,,,20.32,28.5
OPPO,Find X9系列,旗舰SO,2025/10/16,293.1,297.48,301.66,304.85,307.37,,
OPPO,Find X9 Ultra,旗舰SO,2026/4/21,17.27,17.73,18.17,18.55,18.88,19.25,
OPPO,Find N6,折叠SO,2026/3/20,17.56,17.81,18.03,18.27,18.5,,
OPPO,Reno 16系列,中端SO,2026/5/25,144.6,155.29,164.02,170.65,175.54,,
OPPO,Find X10系列,旗舰SO,2026/9/24,,,,,,10.93,17.6
vivo,X300系列,旗舰SO,2025/10/17,366.93,372.67,377.13,380.67,383.18,,
vivo,X300 Ultra,旗舰SO,2026/4/3,28.69,29.63,30.25,30.82,31.27,31.81,
vivo,XFold 6,折叠SO,2026/7/1,12.56,13.26,13.9,14.58,15.29,,
vivo,S60系列,中端SO,2026/6/3,158.72,172.28,183.66,192.31,199.48,,
vivo,X500系列,旗舰SO,2026/9/24,,,,,,8.1,14.4
荣耀,Magic 8系列,旗舰SO,2026/1/19,162.84,165.19,167.46,169.12,170.45,171.79,
荣耀,Magic V6,折叠SO,2026/3/13,21.15,21.58,21.97,22.34,22.69,,
荣耀,600系列,中端SO-荣耀-2,2026/5/29,79.09,85.82,92.21,97.5,102.16,,
荣耀,Win,中端SO-荣耀-1,2025/12/16,31.12,31.45,31.8,32.1,32.32,,
荣耀,Win RT,中端SO-荣耀-1,2025/12/26,58.02,58.38,58.73,59.06,59.41,,
荣耀,Power 2,中端SO-荣耀-1,2026/1/9,161.85,165.68,168.1,169.84,171.35,,
荣耀,Magic 9系列,旗舰SO,2026/9/28,,,,,,,20.9
苹果,iPhone 17系列,旗舰SO,2025/9/12,4119.9,4179.58,4229.02,4271.07,,,
苹果,iPhone 18 Pro系列,旗舰SO,2026/9/18,,,,,,176.23,289.09
REDMI,K90,子系SO,2025/10/23,257.02,258.66,260.68,262.37,263.59,,
REDMI,K90 Max,子系SO,2026/4/21,58.12,59.47,60.43,61.14,61.49,,
REDMI,K100 Pro,子系SO,2026/8/11,17.28,22.23,25.41,28.06,30.34,,
REDMI,K100 Pro Max,子系SO,2026/8/11,20.51,24.67,27.12,28.43,29.53,,
REDMI,K90 至尊版,子系SO,2026/6/30,35.24,38.42,40.48,42.01,43.49,,
REDMI,Turbo 5系列,子系SO,2026/1/29,232.12,234.95,237.25,238.97,240.56,,
一加,15,子系SO,2025/10/28,84.16,84.72,85.4,85.97,86.34,,
一加,15T,子系SO,2026/3/24,23.43,24.08,24.72,25.25,25.69,,
一加,Ace 6,子系SO,2025/10/30,118.77,119.85,120.63,121.19,121.54,,
一加,Ace 6T,子系SO,2025/12/5,112.1,114.96,116.64,117.87,118.92,,
一加,Ace 6至尊版,子系SO,2026/4/28,28.1,29.59,30.61,31.4,31.88,,
iQOO,15,子系SO,2025/10/20,175.09,177.33,178.92,180.28,181.19,,
iQOO,15T,子系SO,2026/5/20,24.83,26.54,27.36,28,28.43,,
iQOO,15 Ultra,子系SO,2026/2/6,28.82,29.4,29.9,30.33,30.63,,
iQOO,Neo 11系列,子系SO,2025/10/30,143.64,146.93,149.51,151.4,153.01,,
iQOO,Z11系列,子系SO,2026/3/26,192.91,202.95,211.84,218.89,225.05,,
iQOO,16,子系SO,2026/9/29,,,,,,,8
